67d5efc1-d659-4893-bbdf-34848b6bd41f	testingBoardDescription		testingBoard		0
f34af7bf-c000-4abe-afd4-6ab75d2f03f9	testBoardChangedNameDescription		testBoardChangedName		0
0306d040-dc48-4cab-a69b-a88fa7e003ab	testingBoardDescription		testingBoard		0
13634636-e159-4f42-9268-23731df4db2d	testingBoardDescription		testingBoard		0
d9bab674-da33-4367-835e-c4f78f759809	testingBoardDescription		testingBoard		0
396439de-a4e9-4904-9dd9-d1854123c23d	testingBoardDescription		testingBoard		0
893728fe-4c39-412b-bbbb-01256cff2d8b	testingBoardDescription		testingBoard		0
54aa73be-315a-4cb7-96bf-2d387277406a	testingBoardDescription		testingBoard		0
8d6c6893-6f63-4317-93a5-a1297b82c385	testingBoardDescription		testingBoard		0
3b2cb60a-6550-440c-a8ff-4af3a9057c7f	testingBoardDescription		testingBoard		0
1654d6dc-313d-4393-8252-17624014e2f5	testingBoardDescription		testingBoard		0
3f84bad5-ec73-4e93-99e8-9e7d8a58f42a	testingBoardDescription		testingBoard		0
13d26a21-9164-4bda-9221-44dda7e6ee6a	testingBoardDescription		testingBoard		0
b681841f-e716-45e5-8794-6330cfdb0f6f	testingBoardDescription		testingBoard		0
